Target Website,Domain Authority,Contact Page/Email,Suggested Anchor Text,Suggested Email Subject,Priority Score (1-10),Notes
bayut.com/mybayut,72,https://www.bayut.com/mybayut/contact/,"AI video for real estate UAE","Guest Post: How Dubai Agents Get 100+ Leads With AI Videos",10,Top UAE property portal - huge traffic
propertyfinder.ae/blog,68,content@propertyfinder.ae,"7-Minute AgentClone for UAE agents","Expert Contribution: AI Video Marketing for Real Estate",10,Second largest property portal UAE
gulfnews.com/property,86,business@gulfnews.com,"AI FastScale real estate videos","Press Release: New AI Tool Helping Dubai Agents 3X Their Leads",9,Major UAE news outlet
arabianbusiness.com,78,https://www.arabianbusiness.com/contact,"PropTech for UAE real estate","Industry Expert Quote Request: AI Video Marketing Trends",9,Business authority in UAE
khaleejtimes.com/property,80,online@khaleejtimes.com,"real estate AI videos Dubai","Story Pitch: Dubai Agents Using AI to Generate Leads",9,High-traffic UAE news
thenationalnews.com/business/property,82,https://www.thenationalnews.com/contact-us,"AI real estate marketing UAE","Expert Commentary: PropTech Revolution in UAE",8,Quality national newspaper
dubizzle.com/blog/property,64,https://dubizzle.com/contact,"AI video creator for real estate","Guest Post: Video Marketing Tips for Property Listings",8,Popular classifieds platform
groovedigital.agency/blog,45,https://www.groovedigital.agency/contact,"AI FastScale case study","Partnership: Real Estate AI Marketing Content",7,UAE digital marketing agency
wide-wings.ae,42,info@wide-wings.ae,"AI video content for real estate","Collaboration: Content Writing + AI Video Services",7,UAE content writing service
digitalarabia.ae,48,https://www.digitalarabia.ae/contact,"PropTech AI videos","Guest Post: AI Video Marketing for Real Estate UAE",7,Digital marketing agency Dubai
aimedadvisors.ae,40,https://aimedadvisors.ae/contact,"real estate marketing tools UAE","Resource Exchange: AI Video Platform for Agents",6,Real estate marketing advisors
seosouq.com,43,https://seosouq.com/contact,"AI video lead generation","Case Study Feature: SEO + AI Videos for Real Estate",6,SEO agency UAE
callin.io/blog,38,https://callin.io/contact,"AI real estate videos","Partnership Article: Lead Gen with AI Videos",6,Lead generation platform
homebluprints.com,35,https://homebluprints.com/contact,"AI video tool for agents","Guest Post Exchange: Video Marketing UAE",5,UAE property blog
startupscene.me,52,https://startupscene.me/contact,"AI FastScale PropTech","Startup Feature: AI Video Platform for Real Estate",7,MENA startup news
wamda.com,58,https://wamda.com/contact,"PropTech startup UAE","Funding/Startup Story Submission",8,Top MENA startup publication
magnitt.com,55,https://magnitt.com/contact,"AI FastScale","Add Startup to Directory + Article",7,MENA startup database
entrepreneurmiddleeast.com,62,https://www.entrepreneurmiddleeast.com/contact,"real estate AI technology","Expert Quote: PropTech in UAE Market",8,Entrepreneur publication ME
linkedin.com/pulse,95,N/A - Direct publishing,"AI video for real estate agents","N/A - Publish article directly",6,Republish blog content
medium.com,96,N/A - Direct publishing,"real estate marketing UAE","N/A - Publish under Real Estate tag",5,Republish with backlink
quora.com,93,N/A - Answer questions,"AI FastScale","Answer: 'Best AI video tools for real estate?'",4,Link in bio + answers
reddit.com/r/dubaiproperty,92,N/A - Community engagement,"7-Minute AgentClone","N/A - Value-add comments only",3,Very strict anti-spam
arablandproperties.com,28,https://arablandproperties.com/contact,"AI video marketing UAE","Guest Post: Video Marketing for UAE Agents",5,UAE real estate blog
providentestate.com/blog,32,https://providentestate.com/contact,"AI videos for property agents","Guest Article: AI Marketing Tools for Dubai",5,Dubai real estate agency blog
mypropertybox.ae,30,https://mypropertybox.ae/contact,"real estate video tools","Resource Listing: AI Video Platform",4,UAE property platform
